[
    {
        "type": "header",
        "version": "5.2.0",
        "comment": "Export to JSON plugin for PHPMyAdmin"
    },
    {
        "type": "database",
        "name": "carrental"
    },
    {
        "type": "table",
        "name": "tblvehicles",
        "database": "carrental",
        "data": [
            {
                "id": "1",
                "VehiclesTitle": "Maruti Suzuki Wagon R",
                "VehiclesBrand": "1",
                "VehiclesOverview": "Maruti Wagon R Latest Updates\r\n\r\nMaruti Suzuki has launched the BS6 Wagon R S-CNG in India. The LXI CNG and LXI (O) CNG variants now cost Rs 5.25 lakh and Rs 5.32 lakh respectively, up by Rs 19,000. Maruti claims a fuel economy of 32.52km per kg. The CNG Wagon R\u2019s continuation in the BS6 era is part of the carmaker\u2019s \u2018Mission Green Million\u2019 initiative announced at Auto Expo 2020.\r\n\r\nPreviously, the carmaker had updated the 1.0-litre powertrain to meet BS6 emission norms. It develops 68PS of power and 90Nm of torque, same as the BS4 unit. However, the updated motor now returns 21.79 kmpl, which is a little less than the BS4 unit\u2019s 22.5kmpl claimed figure. Barring the CNG variants, the prices of the Wagon R 1.0-litre have been hiked by Rs 8,000.",
                "PricePerDay": "600",
                "FuelType": "Petrol",
                "ModelYear": "2019",
                "SeatingCapacity": "5",
                "Quantity": 0,
                "Vimage1": "admin\/img\/vehicleimages\/rear-3-4-left-589823254_930x620.jpg",
                "Vimage2": "admin\/img\/vehicleimages\/tail-lamp-1666712219_930x620.jpg",
                "Vimage3": "admin\/img\/vehicleimages\/rear-3-4-right-520328200_930x620.jpg",
                "Vimage4": "admin\/img\/vehicleimages\/steering-close-up-1288209207_930x620.jpg",
                "Vimage5": "admin\/img\/vehicleimages\/boot-with-standard-luggage-202327489_930x620.jpg",
                "AirConditioner": "1",
                "PowerDoorLocks": "1",
                "AntiLockBrakingSystem": "1",
                "BrakeAssist": "1",
                "PowerSteering": "1",
                "DriverAirbag": "1",
                "PassengerAirbag": "1",
                "PowerWindows": "1",
                "CDPlayer": "1",
                "CentralLocking": "1",
                "CrashSensor": "1",
                "LeatherSeats": "1",
                "RegDate": "2020-07-07 13:04:35",
                "UpdationDate": "2020-07-07 13:27:08"
            },
            {
                "id": "2",
                "VehiclesTitle": "BMW 5 Series",
                "VehiclesBrand": "2",
                "VehiclesOverview": "BMW 5 Series price starts at ? 55.4 Lakh and goes up to ? 68.39 Lakh. The price of Petrol version for 5 Series ranges between ? 55.4 Lakh - ? 60.89 Lakh and the price of Diesel version for 5 Series ranges between ? 60.89 Lakh - ? 68.39 Lakh.",
                "PricePerDay": "1000",
                "FuelType": "Petrol",
                "ModelYear": "2018",
                "SeatingCapacity": "5",
                "Quantity": 1,
                "Vimage1": "admin\/img\/vehicleimages\/BMW-5-Series-Exterior-102005.jpg",
                "Vimage2": "admin\/img\/vehicleimages\/BMW-5-Series-New-Exterior-89729.jpg",
                "Vimage3": "admin\/img\/vehicleimages\/BMW-5-Series-Exterior-102006.jpg",
                "Vimage4": "admin\/img\/vehicleimages\/BMW-5-Series-Interior-102021.jpg",
                "Vimage5": "admin\/img\/vehicleimages\/BMW-5-Series-Interior-102022.jpg",
                "AirConditioner": "1",
                "PowerDoorLocks": "1",
                "AntiLockBrakingSystem": "1",
                "BrakeAssist": "1",
                "PowerSteering": "1",
                "DriverAirbag": "1",
                "PassengerAirbag": "1",
                "PowerWindows": "1",
                "CDPlayer": null,
                "CentralLocking": "1",
                "CrashSensor": "1",
                "LeatherSeats": "1",
                "RegDate": "2020-07-07 13:12:02",
                "UpdationDate": "2020-07-07 13:27:44"
            },
            {
                "id": "3",
                "VehiclesTitle": "Audi Q8",
                "VehiclesBrand": "3",
                "VehiclesOverview": "As per ARAI, the mileage of Q8 is 0 kmpl. Real mileage of the vehicle varies depending upon the driving habits. City and highway mileage figures also vary depending upon the road conditions.",
                "PricePerDay": "3000",
                "FuelType": "Petrol",
                "ModelYear": "2017",
                "SeatingCapacity": "5",
                "Quantity": 5,
                "Vimage1": "admin\/img\/vehicleimages\/audi-q8-front-view4.jpg",
                "Vimage2": "admin\/img\/vehicleimages\/1920x1080_MTC_XL_framed_Audi-Odessa-Armaturen_Spiegelung_CC_v05.jpg",
                "Vimage3": "admin\/img\/vehicleimages\/audi1.jpg",
                "Vimage4": "admin\/img\/vehicleimages\/1audiq8.jpg",
                "Vimage5": "admin\/img\/vehicleimages\/audi-q8-front-view4.jpeg",
                "AirConditioner": "1",
                "PowerDoorLocks": "1",
                "AntiLockBrakingSystem": "1",
                "BrakeAssist": "1",
                "PowerSteering": "1",
                "DriverAirbag": "1",
                "PassengerAirbag": "1",
                "PowerWindows": "1",
                "CDPlayer": "1",
                "CentralLocking": "1",
                "CrashSensor": "1",
                "LeatherSeats": "1",
                "RegDate": "2020-07-07 13:19:21",
                "UpdationDate": "2020-07-07 13:28:02"
            },
            {
                "id": "4",
                "VehiclesTitle": "Nissan Kicks",
                "VehiclesBrand": "4",
                "VehiclesOverview": "Latest Update: Nissan has launched the Kicks 2020 with a new turbocharged petrol engine. You can read more about it here.\r\n\r\nNissan Kicks Price and Variants: The Kicks is available in four variants: XL, XV, XV Premium, and XV Premium(O).",
                "PricePerDay": "800",
                "FuelType": "Petrol",
                "ModelYear": "2020",
                "SeatingCapacity": "5",
                "Quantity": "10",
                "Vimage1": "admin\/img\/vehicleimages\/front-left-side-47.jpg",
                "Vimage2": "admin\/img\/vehicleimages\/kicksmodelimage.jpg",
                "Vimage3": "admin\/img\/vehicleimages\/download.jpg",
                "Vimage4": "admin\/img\/vehicleimages\/kicksmodelimage.jpg",
                "Vimage5": "",
                "AirConditioner": "1",
                "PowerDoorLocks": null,
                "AntiLockBrakingSystem": null,
                "BrakeAssist": "1",
                "PowerSteering": null,
                "DriverAirbag": null,
                "PassengerAirbag": "1",
                "PowerWindows": "1",
                "CDPlayer": null,
                "CentralLocking": null,
                "CrashSensor": null,
                "LeatherSeats": "1",
                "RegDate": "2020-07-07 13:25:28",
                "UpdationDate": null
            },
            {
                "id": "5",
                "VehiclesTitle": "Nissan GT-R",
                "VehiclesBrand": "4",
                "VehiclesOverview": "The GT-R packs a 3.8-litre V6 twin-turbocharged petrol, which puts out 570PS of max power at 6800rpm and 637Nm of peak torque. The engine is mated to a 6-speed dual-clutch transmission in an all-wheel-drive setup. The 2+2 seater GT-R sprints from 0-100kmph in less than 3",
                "PricePerDay": "2000",
                "FuelType": "Petrol",
                "ModelYear": "2019",
                "SeatingCapacity": "5",
                "Quantity": "10",
                "Vimage1": "admin\/img\/vehicleimages\/Nissan-GTR-Right-Front-Three-Quarter-84895.jpg",
                "Vimage2": "admin\/img\/vehicleimages\/Best-Nissan-Cars-in-India-New-and-Used-1.jpg",
                "Vimage3": "admin\/img\/vehicleimages\/2bb3bc938e734f462e45ed83be05165d.jpg",
                "Vimage4": "admin\/img\/vehicleimages\/2020-nissan-gtr-rakuda-tan-semi-aniline-leather-interior.jpg",
                "Vimage5": "admin\/img\/vehicleimages\/images.jpg",
                "AirConditioner": "1",
                "PowerDoorLocks": "1",
                "AntiLockBrakingSystem": "1",
                "BrakeAssist": "1",
                "PowerSteering": "1",
                "DriverAirbag": "1",
                "PassengerAirbag": "1",
                "PowerWindows": "1",
                "CDPlayer": "1",
                "CentralLocking": "1",
                "CrashSensor": "1",
                "LeatherSeats": "1",
                "RegDate": "2020-07-07 13:34:17",
                "UpdationDate": null
            },
            {
                "id": "6",
                "VehiclesTitle": "Nissan Sunny 2020",
                "VehiclesBrand": "4",
                "VehiclesOverview": "Value for money product and it was so good It is more spacious than other sedans It looks like a luxurious car.",
                "PricePerDay": "400",
                "FuelType": "CNG",
                "ModelYear": "2018",
                "SeatingCapacity": "5",
                "Quantity": "5",
                "Vimage1": "admin\/img\/vehicleimages\/Nissan-Sunny-Right-Front-Three-Quarter-48975_ol.jpg",
                "Vimage2": "admin\/img\/vehicleimages\/images (1).jpg",
                "Vimage3": "admin\/img\/vehicleimages\/Nissan-Sunny-Interior-114977.jpg",
                "Vimage4": "admin\/img\/vehicleimages\/nissan-sunny-8a29f53-500x375.jpg",
                "Vimage5": "admin\/img\/vehicleimages\/new-nissan-sunny-photo.jpg",
                "AirConditioner": "1",
                "PowerDoorLocks": "1",
                "AntiLockBrakingSystem": null,
                "BrakeAssist": "1",
                "PowerSteering": "1",
                "DriverAirbag": "1",
                "PassengerAirbag": "1",
                "PowerWindows": "1",
                "CDPlayer": "1",
                "CentralLocking": "1",
                "CrashSensor": "1",
                "LeatherSeats": "1",
                "RegDate": "2020-07-07 15:12:49",
                "UpdationDate": null
            },
            {
                "id": "7",
                "VehiclesTitle": "Toyota Fortuner",
                "VehiclesBrand": "5",
                "VehiclesOverview": "Toyota Fortuner Features: It is a premium seven-seater SUV loaded with features such as LED projector headlamps with LED DRLs, LED fog lamp, and power-adjustable and foldable ORVMs. Inside, the Fortuner offers features such as power-adjustable driver seat, automatic climate control, push-button stop\/start, and cruise control.\r\n\r\nToyota Fortuner Safety Features: The Toyota Fortuner gets seven airbags, hill assist control, vehicle stability control with brake assist, and ABS with EBD.",
                "PricePerDay": "3000",
                "FuelType": "Petrol",
                "ModelYear": "2020",
                "SeatingCapacity": "5",
                "Quantity": "3",
                "Vimage1": "admin\/img\/vehicleimages\/2015_Toyota_Fortuner_(New_Zealand).jpg",
                "Vimage2": "admin\/img\/vehicleimages\/toyota-fortuner-legender-rear-quarters-6e57.jpg",
                "Vimage3": "admin\/img\/vehicleimages\/zw-toyota-fortuner-2020-2.jpg",
                "Vimage4": "admin\/img\/vehicleimages\/download (1).jpg",
                "Vimage5": "",
                "AirConditioner": null,
                "PowerDoorLocks": null,
                "AntiLockBrakingSystem": null,
                "BrakeAssist": null,
                "PowerSteering": null,
                "DriverAirbag": "1",
                "PassengerAirbag": null,
                "PowerWindows": "1",
                "CDPlayer": null,
                "CentralLocking": "1",
                "CrashSensor": "1",
                "LeatherSeats": "1",
                "RegDate": "2020-07-07 15:17:46",
                "UpdationDate": null
            },
            {
                "id": "8",
                "VehiclesTitle": "Maruti Suzuki Vitara Brezza",
                "VehiclesBrand": "1",
                "VehiclesOverview": "The new Vitara Brezza is a well-rounded package that is feature-loaded and offers good drivability. And it is backed by Maruti\u2019s vast service network, which ensures a peace of mind to customers. The petrol motor could have been more refined and offered more pep.",
                "PricePerDay": "600",
                "FuelType": "Petrol",
                "ModelYear": "2018",
                "SeatingCapacity": "5",
                "Quantity": 5,
                "Vimage1": "admin\/img\/vehicleimages\/marutisuzuki-vitara-brezza-right-front-three-quarter3.jpg",
                "Vimage2": "admin\/img\/vehicleimages\/marutisuzuki-vitara-brezza-rear-view37.jpg",
                "Vimage3": "admin\/img\/vehicleimages\/marutisuzuki-vitara-brezza-dashboard10.jpg",
                "Vimage4": "admin\/img\/vehicleimages\/marutisuzuki-vitara-brezza-boot-space59.jpg",
                "Vimage5": "admin\/img\/vehicleimages\/marutisuzuki-vitara-brezza-boot-space28.jpg",
                "AirConditioner": null,
                "PowerDoorLocks": "1",
                "AntiLockBrakingSystem": "1",
                "BrakeAssist": "1",
                "PowerSteering": null,
                "DriverAirbag": null,
                "PassengerAirbag": "1",
                "PowerWindows": null,
                "CDPlayer": null,
                "CentralLocking": null,
                "CrashSensor": "1",
                "LeatherSeats": null,
                "RegDate": "2020-07-07 15:23:11",
                "UpdationDate": null
            },
            {
                "id": "9",
                "VehiclesTitle": "Audi A1 30 Tfsi S",
                "VehiclesBrand": "3",
                "VehiclesOverview": "Body type \tHatch, 5 Doors, 5 Seats\r\nDrive type \tFront Wheel Drive\r\nEngine \t3 cyl, 1 L \r\nFuel type \tPremium Unleaded Petrol",
                "PricePerDay": "3000",
                "FuelType": "Petrol",
                "ModelYear": "2019",
                "SeatingCapacity": "5",
                "Quantity": 3,
                "Vimage1": "admin\/img\/vehicleimages\/2019_audi_a1_Used_3.jpg",
                "Vimage2": "admin\/img\/vehicleimages\/2019_audi_a1_Used_2.jpg",
                "Vimage3": "admin\/img\/vehicleimages\/2019_audi_a1_Used_5.jpg",
                "Vimage4": "admin\/img\/vehicleimages\/2019_audi_a1_Used_3.jpg",
                "Vimage5": "",
                "AirConditioner": "1",
                "PowerDoorLocks": "1",
                "AntiLockBrakingSystem": "1",
                "BrakeAssist": null,
                "PowerSteering": null,
                "DriverAirbag": null,
                "PassengerAirbag": null,
                "PowerWindows": "1",
                "CDPlayer": "1",
                "CentralLocking": "1",
                "CrashSensor": null,
                "LeatherSeats": null,
                "RegDate": "2024-05-11 17:35:13",
                "UpdationDate": "2024-05-11 19:09:19"
            },
            {
                "id": "10",
                "VehiclesTitle": "2021 Chrysler 300 SRT Core",
                "VehiclesBrand": "8",
                "VehiclesOverview": "Transmission \tAutomatic\r\nBody type \tSEDAN, 4 Doors, 5 Seats\r\nDrive type \tRear Wheel Drive\r\nEngine \t8 cyl, 6.4 L\r\nFuel type \tUnleaded Petrol\r\nFuel consumption \t13.00 L \/ 100 km\r\nColour ext \/ int \tWhite \/ -",
                "PricePerDay": "90",
                "FuelType": "Petrol",
                "ModelYear": "2021",
                "SeatingCapacity": "5",
                "Quantity": 1,
                "Vimage1": "admin\/img\/vehicleimages\/2021_chrysler_300_Used_1.jpg",
                "Vimage2": "admin\/img\/vehicleimages\/2021_chrysler_300_Used_3.jpg",
                "Vimage3": "admin\/img\/vehicleimages\/2021_chrysler_300_Used_10.jpg",
                "Vimage4": "admin\/img\/vehicleimages\/2021_chrysler_300_Used_11.jpg",
                "Vimage5": "",
                "AirConditioner": "1",
                "PowerDoorLocks": "1",
                "AntiLockBrakingSystem": null,
                "BrakeAssist": "1",
                "PowerSteering": "1",
                "DriverAirbag": null,
                "PassengerAirbag": "1",
                "PowerWindows": "1",
                "CDPlayer": "1",
                "CentralLocking": "1",
                "CrashSensor": "1",
                "LeatherSeats": "1",
                "RegDate": "2024-05-14 12:29:23",
                "UpdationDate": null
            },
            {
                "id": "11",
                "VehiclesTitle": "2024 Toyota RAV4 GX (2WD)",
                "VehiclesBrand": "5",
                "VehiclesOverview": "Transmission: Continuous Variable\nBody type: SUV, 5 Doors, 5 Seats\nDrive type: Front Wheel Drive\nEngine: 4 cyl, 2.5 L",
                "PricePerDay": "100",
                "FuelType": "Petrol",
                "ModelYear": "2024",
                "SeatingCapacity": "5",
                "Quantity": "1",
                "Vimage1": "admin\/img\/vehicleimages\/2024_toyota_rav4_Used_1.jpg",
                "Vimage2": "admin\/img\/vehicleimages\/2024_toyota_rav4_Used_3.jpg",
                "Vimage3": "admin\/img\/vehicleimages\/2024_toyota_rav4_Used_4.jpg",
                "Vimage4": "admin\/img\/vehicleimages\/2024_toyota_rav4_Used_12.jpg",
                "Vimage5": "admin\/img\/vehicleimages\/2024_toyota_rav4_Used_13.jpg",
                "AirConditioner": "1",
                "PowerDoorLocks": "1",
                "AntiLockBrakingSystem": "1",
                "BrakeAssist": "1",
                "PowerSteering": null,
                "DriverAirbag": "1",
                "PassengerAirbag": null,
                "PowerWindows": "1",
                "CDPlayer": null,
                "CentralLocking": "1",
                "CrashSensor": null,
                "LeatherSeats": "1",
                "RegDate": "2024-05-14 12:33:44",
                "UpdationDate": null
            }
        ]
    }
]